{"cameraMode":{"drawMode":0,"name":"Shaded","section":"Shading Mode"},"sceneLighting":false,"audioPlay":false,"sceneViewState":{"showFog":true,"showMaterialUpdate":true,"showSkybox":true,"showFlares":true,"showImageEffects":true,"showParticleSystems":true},"in2DMode":false,"pivot":{"x":350.69482421875,"y":489.6494140625,"z":39.125},"rotation":{"x":-0.005999722518026829,"y":0.004499903880059719,"z":0.000026985737349605188,"w":0.9999717473983765},"size":444.88360595703127,"orthographic":true}