{"cameraMode":{"drawMode":0,"name":"Shaded","section":"Shading Mode"},"sceneLighting":true,"audioPlay":false,"sceneViewState":{"showFog":true,"showMaterialUpdate":true,"showSkybox":true,"showFlares":true,"showImageEffects":true,"showParticleSystems":true},"in2DMode":false,"pivot":{"x":-3.8622350692749025,"y":1.029296875,"z":4.7825927734375},"rotation":{"x":0.7000482678413391,"y":0.0064247907139360909,"z":-0.006302666384726763,"w":0.7140472531318665},"size":17.926494598388673,"orthographic":true}