{"cameraMode":{"drawMode":0,"name":"Shaded","section":"Shading Mode"},"sceneLighting":false,"audioPlay":false,"sceneViewState":{"showFog":true,"showMaterialUpdate":true,"showSkybox":true,"showFlares":true,"showImageEffects":true,"showParticleSystems":true},"in2DMode":false,"pivot":{"x":0.017510414123535157,"y":-9.986300468444825,"z":1.8936004638671876},"rotation":{"x":0.6767869591712952,"y":0.003312803339213133,"z":-0.003045551711693406,"w":0.7361660599708557},"size":19.006580352783204,"orthographic":true}