{"cameraMode":{"drawMode":0,"name":"Shaded","section":"Shading Mode"},"sceneLighting":true,"audioPlay":false,"sceneViewState":{"showFog":true,"showMaterialUpdate":true,"showSkybox":true,"showFlares":true,"showImageEffects":true,"showParticleSystems":true},"in2DMode":false,"pivot":{"x":-0.9694206714630127,"y":3.9574623107910158,"z":3.763622760772705},"rotation":{"x":0.6963415145874023,"y":0.04830552265048027,"z":-0.047074105590581897,"w":0.7145398855209351},"size":11.824262619018555,"orthographic":false}