{"cameraMode":{"drawMode":0,"name":"Shaded","section":"Shading Mode"},"sceneLighting":false,"audioPlay":false,"sceneViewState":{"showFog":true,"showMaterialUpdate":true,"showSkybox":true,"showFlares":true,"showImageEffects":true,"showParticleSystems":true},"in2DMode":false,"pivot":{"x":278.021484375,"y":399.3603515625,"z":-10.5625},"rotation":{"x":0.004498702473938465,"y":0.025496982038021089,"z":-0.00011475497740320861,"w":0.999664843082428},"size":199.11387634277345,"orthographic":true}