{"cameraMode":{"drawMode":0,"name":"Shaded","section":"Shading Mode"},"sceneLighting":false,"audioPlay":false,"sceneViewState":{"showFog":true,"showMaterialUpdate":true,"showSkybox":true,"showFlares":true,"showImageEffects":true,"showParticleSystems":true},"in2DMode":false,"pivot":{"x":318.5797424316406,"y":474.8278503417969,"z":47.5074462890625},"rotation":{"x":0.01439738366752863,"y":0.004499525763094425,"z":-0.00006480060255853459,"w":0.999886691570282},"size":615.9302368164063,"orthographic":false}