{"cameraMode":{"drawMode":0,"name":"Shaded","section":"Shading Mode"},"sceneLighting":true,"audioPlay":false,"sceneViewState":{"showFog":true,"showMaterialUpdate":true,"showSkybox":true,"showFlares":true,"showImageEffects":true,"showParticleSystems":true},"in2DMode":false,"pivot":{"x":-0.01220703125,"y":1.501220703125,"z":-0.79638671875},"rotation":{"x":0.4964089095592499,"y":-0.13432677090168,"z":0.07807453721761704,"w":0.8540738821029663},"size":3.1736934185028078,"orthographic":true}