{"cameraMode":{"drawMode":0,"name":"Shaded","section":"Shading Mode"},"sceneLighting":true,"audioPlay":false,"sceneViewState":{"showFog":true,"showMaterialUpdate":true,"showSkybox":true,"showFlares":true,"showImageEffects":true,"showParticleSystems":true},"in2DMode":false,"pivot":{"x":319.1512451171875,"y":282.3013000488281,"z":148.9375},"rotation":{"x":-1.4779676371645679e-9,"y":-0.0015000011771917344,"z":-2.7399742197342648e-11,"w":0.9999986886978149},"size":436.74371337890627,"orthographic":true}