{"cameraMode":{"drawMode":0,"name":"Shaded","section":"Shading Mode"},"sceneLighting":true,"audioPlay":false,"sceneViewState":{"showFog":true,"showMaterialUpdate":true,"showSkybox":true,"showFlares":true,"showImageEffects":true,"showParticleSystems":true},"in2DMode":false,"pivot":{"x":0.12786829471588136,"y":-12.267623901367188,"z":5.323145866394043},"rotation":{"x":0.6826262474060059,"y":0.013151189312338829,"z":-0.01228890661150217,"w":0.7305492162704468},"size":14.843674659729004,"orthographic":false}