{"cameraMode":{"drawMode":0,"name":"Shaded","section":"Shading Mode"},"sceneLighting":false,"audioPlay":false,"sceneViewState":{"showFog":true,"showMaterialUpdate":true,"showSkybox":false,"showFlares":true,"showImageEffects":true,"showParticleSystems":true},"in2DMode":false,"pivot":{"x":0.919623851776123,"y":-0.0146484375,"z":10.94500732421875},"rotation":{"x":0.719653308391571,"y":0.009372489526867867,"z":-0.009716011583805085,"w":0.6942026019096375},"size":3.7909750938415529,"orthographic":true}