{"cameraMode":{"drawMode":0,"name":"Shaded","section":"Shading Mode"},"sceneLighting":false,"audioPlay":false,"sceneViewState":{"showFog":true,"showMaterialUpdate":true,"showSkybox":false,"showFlares":true,"showImageEffects":true,"showParticleSystems":true},"in2DMode":false,"pivot":{"x":0.04764661192893982,"y":-0.012033447623252869,"z":8.084084510803223},"rotation":{"x":0.11548101156949997,"y":-0.4683191180229187,"z":0.061893727630376819,"w":0.8737955689430237},"size":1.1184062957763672,"orthographic":false}