{"cameraMode":{"drawMode":0,"name":"Shaded","section":"Shading Mode"},"sceneLighting":false,"audioPlay":false,"sceneViewState":{"showFog":true,"showMaterialUpdate":true,"showSkybox":true,"showFlares":true,"showImageEffects":true,"showParticleSystems":true},"in2DMode":false,"pivot":{"x":348.1375732421875,"y":482.4411315917969,"z":-121.99932861328125},"rotation":{"x":0.016499022021889688,"y":0.005998761393129826,"z":-0.00009945546480594203,"w":0.9998481869697571},"size":362.8031921386719,"orthographic":false}