{"cameraMode":{"drawMode":0,"name":"Shaded","section":"Shading Mode"},"sceneLighting":false,"audioPlay":false,"sceneViewState":{"showFog":true,"showMaterialUpdate":true,"showSkybox":true,"showFlares":true,"showImageEffects":true,"showParticleSystems":true},"in2DMode":false,"pivot":{"x":358.20001220703127,"y":642.2277221679688,"z":0.0},"rotation":{"x":-0.005999722518026829,"y":0.004499903880059719,"z":0.000026985737349605188,"w":0.9999717473983765},"size":376.958251953125,"orthographic":true}