{"cameraMode":{"drawMode":0,"name":"Shaded","section":"Shading Mode"},"sceneLighting":true,"audioPlay":false,"sceneViewState":{"showFog":true,"showMaterialUpdate":true,"showSkybox":true,"showFlares":true,"showImageEffects":true,"showParticleSystems":true},"in2DMode":false,"pivot":{"x":0.08653616905212403,"y":-3.51953125,"z":2.9841690063476564},"rotation":{"x":0.6953403949737549,"y":0.0021561889443546535,"z":-0.002086116001009941,"w":0.7186746597290039},"size":17.85207176208496,"orthographic":true}