{"cameraMode":{"drawMode":0,"name":"Shaded","section":"Shading Mode"},"sceneLighting":false,"audioPlay":false,"sceneViewState":{"showFog":true,"showMaterialUpdate":true,"showSkybox":true,"showFlares":true,"showImageEffects":true,"showParticleSystems":true},"in2DMode":false,"pivot":{"x":211.35546875,"y":425.9892578125,"z":-1073.375},"rotation":{"x":0.004498702473938465,"y":0.025496982038021089,"z":-0.00011475497740320861,"w":0.999664843082428},"size":380.8901672363281,"orthographic":true}