{"cameraMode":{"drawMode":0,"name":"Shaded","section":"Shading Mode"},"sceneLighting":false,"audioPlay":false,"sceneViewState":{"showFog":true,"showMaterialUpdate":true,"showSkybox":true,"showFlares":true,"showImageEffects":true,"showParticleSystems":true},"in2DMode":false,"pivot":{"x":0.04764661192893982,"y":-0.012033447623252869,"z":8.084084510803223},"rotation":{"x":0.014393328689038754,"y":-0.023995211347937585,"z":0.0003455056867096573,"w":0.9996089935302734},"size":0.818406343460083,"orthographic":true}