{"cameraMode":{"drawMode":0,"name":"Shaded","section":"Shading Mode"},"sceneLighting":true,"audioPlay":false,"sceneViewState":{"showFog":true,"showMaterialUpdate":true,"showSkybox":true,"showFlares":true,"showImageEffects":true,"showParticleSystems":true},"in2DMode":false,"pivot":{"x":-0.3246036767959595,"y":-0.1953125,"z":1.8069305419921876},"rotation":{"x":0.7043421268463135,"y":-0.002129462081938982,"z":0.002112955553457141,"w":0.709855318069458},"size":14.891767501831055,"orthographic":true}