{"cameraMode":{"drawMode":0,"name":"Shaded","section":"Shading Mode"},"sceneLighting":false,"audioPlay":false,"sceneViewState":{"showFog":true,"showMaterialUpdate":true,"showSkybox":false,"showFlares":true,"showImageEffects":true,"showParticleSystems":true},"in2DMode":false,"pivot":{"x":-1.7062311172485352,"y":-0.2716398239135742,"z":6.314070224761963},"rotation":{"x":0.11548101156949997,"y":-0.4683191180229187,"z":0.061893727630376819,"w":0.8737955689430237},"size":4.304592132568359,"orthographic":false}