{"cameraMode":{"drawMode":0,"name":"Shaded","section":"Shading Mode"},"sceneLighting":true,"audioPlay":false,"sceneViewState":{"showFog":true,"showMaterialUpdate":true,"showSkybox":true,"showFlares":true,"showImageEffects":true,"showParticleSystems":true},"in2DMode":false,"pivot":{"x":884.8832397460938,"y":667.046875,"z":72.5411376953125},"rotation":{"x":0.048877689987421039,"y":0.008989479392766953,"z":-0.00043969444232061505,"w":0.9987683892250061},"size":867.0630493164063,"orthographic":false}