{"cameraMode":{"drawMode":0,"name":"Shaded","section":"Shading Mode"},"sceneLighting":true,"audioPlay":false,"sceneViewState":{"showFog":true,"showMaterialUpdate":true,"showSkybox":true,"showFlares":true,"showImageEffects":true,"showParticleSystems":true},"in2DMode":false,"pivot":{"x":-0.5664710998535156,"y":-4.587890625,"z":-21.9708251953125},"rotation":{"x":0.6953403949737549,"y":0.0021561889443546535,"z":-0.002086116001009941,"w":0.7186746597290039},"size":10.438474655151368,"orthographic":true}