{"cameraMode":{"drawMode":0,"name":"Shaded","section":"Shading Mode"},"sceneLighting":false,"audioPlay":false,"sceneViewState":{"showFog":true,"showMaterialUpdate":true,"showSkybox":true,"showFlares":true,"showImageEffects":true,"showParticleSystems":true},"in2DMode":false,"pivot":{"x":1.3512693643569947,"y":-0.2726020812988281,"z":-0.854401707649231},"rotation":{"x":0.6509977579116821,"y":-0.0011385546531528235,"z":0.0009765978902578354,"w":0.7590803503990173},"size":17.908327102661134,"orthographic":true}