{"cameraMode":{"drawMode":0,"name":"Shaded","section":"Shading Mode"},"sceneLighting":false,"audioPlay":false,"sceneViewState":{"showFog":true,"showMaterialUpdate":true,"showSkybox":false,"showFlares":true,"showImageEffects":true,"showParticleSystems":true},"in2DMode":false,"pivot":{"x":-0.0011208653450012208,"y":0.17267417907714845,"z":-0.1132550835609436},"rotation":{"x":0.45048317313194277,"y":0.13696251809597016,"z":-0.07015888392925263,"w":0.8794229626655579},"size":1.3444509506225587,"orthographic":true}